RatecodeID,avg_trip_distance
1,2.46128637909764
6,1.0672463768115943
3,16.67614331989159
5,5.936958199588847
4,17.90282732821421
2,17.035030040667873
