payment_type,Average_amount
1,16.764592268503865
3,12.536230373766864
4,12.421609854876802
2,12.5608157905666
